{"count":1,"save":[{"deck":{"spell":["Fissure","Follow Wind"],"trap":["Trap Hole"],"monster":["Man-Eater Bug","Tyhone","Harpie Lady","Hane-Hane","Curse of Dragon","Celtic Guardian","Blue-Eyes White Dragon","Turtle Tiger"]},"biodata":{"money":2000,"name":"Condro","x":5,"y":5,"lastplayed":"2017-03-24 17:03"},"allcard":{"spell":["Change of Heart","Stop Defense","Follow Wind","Fissure"],"trap":["Trap Hole","Negate Attack","Mirror Force"],"monster":["Celtic Guardian","Hane-Hane","Turtle Tiger","Tyhone","Curse of Dragon","Man-Eater Bug","Blue-Eyes White Dragon","Harpie Lady"]}}]}