{"spell":[{"probability":0.07,"name":"Fissure","description":"Destroy the 1 face-up monster your opponent controls that has the lowest ATK (your choice, if tied)..","type":"Normal"},{"probability":0.07,"name":"Change of Heart","description":"Select and control 1 opposing monster (regardless of position) on the field until the end of your turn.","type":"Normal"},{"probability":0.07,"name":"Stop Defense","description":"Select 1 Defense Position monster on your opponentÅfs side of the field and charge it to Attack Position.","type":"Normal"},{"probability":0.07,"name":"Follow Wind","description":"Increase the ATK and DEF of a Winged-Beast-Type monster equipped with this card by 300 points.","type":"Equip"}],"count":15,"trap":[{"probability":0.07,"name":"Negate Attack","description":"When an opponentÅfs monster declares an attack: Target the attacking monster; negate the attack, then end the Battle Phase.","type":"Equip"},{"probability":0.07,"name":"Trap Hole","description":"When your opponent Normal or Flip Summons 1 monster with 1000 or more ATK: Target that monster; destroy that target.","type":"Normal"},{"probability":0.07,"name":"Mirror Force","description":"When an opponentÅ's monster declares an attack: Destroy all Attack Position monsters your opponent controls.","type":"Normal"}],"monster":[{"DEF":2500,"level":8,"pos":"Face Up Attack","probability":0.03,"effect":"null","name":"Blue-Eyes White Dragon","ATK":3000,"description":"This legendary dragon is a powerful engine of destruction. Virtually invincible, very few have faced this awesome creature and lived to tell the tale.","type":"Dragon","attr":"Light"},{"DEF":1200,"level":4,"pos":"Face Up Attack","probability":0.06,"effect":"null","name":"Celtic Guardian","ATK":1400,"description":"An elf who learned to wield a sword, he baffles enemies with lightning swift attacks.","type":"Warrior","attr":"Earth"},{"DEF":1400,"level":4,"pos":"Face Up Attack","probability":0.06,"effect":"null","name":"Tyhone","ATK":1200,"description":"Capable of firing cannonballs from its mouth for long-range attacks, this creature is particularly effective in mountain battles.","type":"Winged Beast","attr":"Earth"},{"DEF":500,"level":2,"pos":"Face Up Attack","probability":0.1,"effect":"null","name":"Hane-Hane","ATK":450,"description":"FLIP : Select 1 monster on the field and return it to its owner's hand..","type":"Beast","attr":"Earth"},{"DEF":600,"level":2,"pos":"Face Up Attack","probability":0.1,"effect":"null","name":"Man-Eater Bug","ATK":450,"description":"FLIP: Target 1 monster on the field, destroy that target.","type":"Insect","attr":"Earth"},{"DEF":1500,"level":4,"pos":"Face Up Attack","probability":0.06,"effect":"null","name":"Turtle Tiger","ATK":1000,"description":"A tiger encased in a protective shell that attack with razor-sharp fangs.","type":"Aqua","attr":"Water"},{"DEF":1400,"level":4,"pos":"Face Up Attack","probability":0.06,"effect":"null","name":"Harpie Lady","ATK":1300,"description":"This human-shaped animal with wings is beautiful to watch but deadly in battle","type":"Winged Beast","attr":"Wind"},{"DEF":1500,"level":5,"pos":"Face Up Attack","probability":0.04,"effect":"null","name":"Curse of Dragon","ATK":2000,"description":"A wicked dragon that taps into dark forces to execute a powerful attack.","type":"Dragon","attr":"Dark"}]}