<?xml version="1.0" encoding="UTF-8"?>
<project-private xmlns="http://www.netbeans.org/ns/project-private/1">
    <editor-bookmarks xmlns="http://www.netbeans.org/ns/editor-bookmarks/2" lastBookmarkId="0"/>
    <open-files xmlns="http://www.netbeans.org/ns/projectui-open-files/2">
        <group>
            <file>file:/C:/Users/DELL-PC/Documents/tubes-yugi/src/com/terserah/yugi/Entities/Card.java</file>
            <file>file:/C:/Users/DELL-PC/Documents/tubes-yugi/src/com/terserah/yugi/GameState/DeckState.java</file>
            <file>file:/C:/Users/DELL-PC/Documents/tubes-yugi/src/com/terserah/yugi/GameState/Board.java</file>
            <file>file:/C:/Users/DELL-PC/Documents/tubes-yugi/src/com/terserah/yugi/Entities/Duelist.java</file>
            <file>file:/C:/Users/DELL-PC/Documents/tubes-yugi/kartu.json</file>
            <file>file:/C:/Users/DELL-PC/Documents/tubes-yugi/src/com/terserah/yugi/Entities/Trap.java</file>
            <file>file:/C:/Users/DELL-PC/Documents/tubes-yugi/src/com/terserah/yugi/GameState/DuelState.java</file>
            <file>file:/C:/Users/DELL-PC/Documents/tubes-yugi/src/com/terserah/yugi/Entities/Spell.java</file>
            <file>file:/C:/Users/DELL-PC/Documents/tubes-yugi/src/com/terserah/yugi/Entities/Monster.java</file>
            <file>file:/C:/Users/DELL-PC/Documents/tubes-yugi/src/com/terserah/yugi/Main/GamePanel.java</file>
            <file>file:/C:/Users/DELL-PC/Documents/tubes-yugi/src/com/terserah/yugi/Entities/Deck.java</file>
            <file>file:/C:/Users/DELL-PC/Documents/tubes-yugi/src/com/terserah/yugi/Entities/Player.java</file>
            <file>file:/C:/Users/DELL-PC/Documents/tubes-yugi/src/com/terserah/yugi/Entities/MainPlayer.java</file>
            <file>file:/C:/Users/DELL-PC/Documents/tubes-yugi/src/com/terserah/yugi/Manager/JSONManager.java</file>
            <file>file:/C:/Users/DELL-PC/Documents/tubes-yugi/src/com/terserah/yugi/Entities/CardEffect.java</file>
            <file>file:/C:/Users/DELL-PC/Documents/tubes-yugi/src/com/terserah/yugi/Entities/Field.java</file>
        </group>
    </open-files>
</project-private>
